Player,Recov,CK,SCA90,Att (GK),PKatt,PKatt,PKatt,Nation,Nation,Nation,Nation,Nation,Nation,Fls,GCA,1/3,Clr,Att 3rd,Att 3rd,npxG,npxG,npxG,TklW,TklW,Won%,GA,GA,L,Rec,Succ,SoT%,TO,TO,G/Sh,PKwon,Pass,Def,Def,Won,npxG/Sh,np:G-xG,Off,Crs,PKm,PrgC,PrgC,Ast,Ast,Launch%,Launch%,W,CS%,#OPA/90,Dist,Blocks,G-PK,G-PK,PSxG/SoT,Pos,Pos,Pos,Pos,Pos,Pos,/90,Def 3rd,Def 3rd,Gls,Gls,Gls,CrdY,CrdY,CrdR,CrdR,Fld,Fld,Fld,xG+xAG,PassLive,PassLive,Att Pen,SCA,PKcon,AvgLen,AvgLen,Touches,PrgDist,Tkl%,xG,xG,xG,Saves,G+A-PK,Succ%,SoT/90,Save%,Save%,Mid 3rd,Mid 3rd,PK,PK,2CrdY,Cmp%,AvgDist,D,npxG+xAG,npxG+xAG,Tkl,Tkl,Lost,Lost,Cmp,Tkl+Int,Def Pen,CS,Thr,MP,MP,Starts,Starts,PrgP,OG,OG,Mis,G-xG,90s,90s,90s,90s,90s,90s,90s,90s,SoTA,PKA,PKA,Opp,Age,Age,Age,Age,Age,Age,Age,Age,PKsv,Tkld%,PrgR,PrgR,Min,Min,PassDead,PassDead,FK,FK,Dis,GA90,GCA90,Sh/90,Carries,G/SoT,Stp%,Att,Att,Att,Att,#OPA,TotDist,PSxG,Err,Tkld,Live,PSxG+/-,Sh,Sh,Sh,Sh,SoT,xAG,xAG,CPA,G+A,G+A,Stp,Int,Int
Robin Koch,193.0,,0.43,,0.0,,0.0,de GER,de GER,de GER,de GER,de GER,de GER,35.0,2.0,8.0,152.0,5.0,106.0,1.5,0.04,1.5,30.0,30.0,61.7,,,,1102.0,1.0,23.5,0.0,0.0,0.0,0.0,23.0,0.0,0.0,111.0,0.09,-1.5,1.0,1.0,,11.0,11.0,0.0,0.0,,,,,,11.1,44.0,0.0,0.0,,DF,DF,DF,DF,DF,DF,,32.0,1051.0,0.0,0.0,0.0,7.0,7.0,0.0,0.0,0.0,0.0,17.0,0.06,11.0,2.0,32.0,15.0,0.0,,,1963.0,2583.0,42.9,1.5,0.04,1.5,,0.0,33.3,0.11,,,16.0,820.0,0.0,0.0,0.0,,,,1.9,0.06,53.0,24.0,32.0,69.0,,96.0,263.0,,,36,,36,,114.0,,1.0,15.0,-1.5,35.3,,,35.3,35.3,35.3,35.3,35.3,,,,,26.0,,,26.0,26.0,26.0,26.0,26.0,,66.7,11.0,11.0,3175.0,,2.0,0.0,,0.0,1.0,,0.06,0.48,1013.0,0.0,,,,56.0,3.0,,4700.0,,1.0,2.0,1963.0,,21.0,2.0,0.0,17.0,4.0,0.4,0.01,0.0,0.0,0.0,,43.0,43.0
Illan Meslier,34.0,7.0,0.12,794.0,0.0,3.0,0.0,fr FRA,fr FRA,fr FRA,fr FRA,fr FRA,fr FRA,1.0,0.0,0.0,30.0,0.0,2.0,0.1,0.0,0.1,1.0,1.0,76.9,67.0,67.0,18.0,424.0,0.0,100.0,0.0,0.0,0.0,0.0,0.0,0.0,0.0,10.0,0.12,-0.1,0.0,0.0,0.0,0.0,0.0,0.0,0.0,39.4,56.2,7.0,14.7,1.94,9.0,0.0,0.0,0.0,0.32,GK,GK,GK,GK,GK,GK,-0.36,2.0,1116.0,0.0,0.0,0.0,3.0,3.0,0.0,0.0,0.0,0.0,5.0,0.0,2.0,0.0,1.0,4.0,0.0,33.7,43.5,1122.0,1969.0,50.0,0.1,0.0,0.1,92.0,0.0,,0.03,59.5,0.0,0.0,5.0,0.0,0.0,0.0,23.6,15.8,9.0,0.1,0.0,2.0,2.0,2.0,3.0,106.0,3.0,903.0,5.0,194.0,34,34.0,34,34.0,0.0,1.0,0.0,1.0,-0.1,34.0,34.0,34.0,34.0,34.0,34.0,34.0,34.0,158.0,3.0,3.0,432.0,22.0,22.0,22.0,22.0,22.0,22.0,22.0,22.0,0.0,,0.0,0.0,3060.0,3060.0,2.0,0.0,1.0,0.0,1.0,1.97,0.0,0.03,596.0,0.0,7.9,449.0,242.0,4.0,0.0,66.0,3396.0,53.6,3.0,0.0,1122.0,-12.4,0.0,0.0,0.0,1.0,1.0,0.0,0.0,0.0,0.0,0.0,34.0,1.0,1.0
Jack Harrison,174.0,,3.79,,0.0,,0.0,eng ENG,eng ENG,eng ENG,eng ENG,eng ENG,eng ENG,38.0,9.0,56.0,25.0,21.0,836.0,4.7,0.16,4.7,17.0,17.0,10.6,,,,1037.0,48.0,35.9,7.0,1.0,0.13,0.0,45.0,2.0,0.0,5.0,0.12,0.3,3.0,186.0,,103.0,103.0,7.0,0.23,,,,,,17.8,47.0,5.0,0.17,,"FW,MF","FW,MF","FW,MF","FW,MF","FW,MF","FW,MF",,5.0,192.0,5.0,0.17,5.0,2.0,2.0,0.0,0.0,5.0,0.0,37.0,0.33,68.0,6.0,81.0,114.0,0.0,,,1556.0,2584.0,23.1,4.7,0.16,4.7,,0.4,40.7,0.47,,,15.0,549.0,0.0,0.0,0.0,,,,9.8,0.33,41.0,12.0,40.0,42.0,,63.0,31.0,,,36,,34,,103.0,,0.0,92.0,0.3,30.1,,,30.1,30.1,30.1,30.1,30.1,,,,,25.0,,,25.0,25.0,25.0,25.0,25.0,,50.0,255.0,255.0,2708.0,,27.0,1.0,,3.0,61.0,,0.3,1.3,959.0,0.36,,,,52.0,118.0,,5271.0,,0.0,59.0,1556.0,,2.0,5.0,1.0,39.0,14.0,5.1,0.17,24.0,12.0,0.4,,22.0,22.0
Marc Roca,169.0,,2.02,,0.0,,0.0,es ESP,es ESP,es ESP,es ESP,es ESP,es ESP,40.0,4.0,18.0,24.0,5.0,333.0,2.1,0.08,2.1,40.0,40.0,58.1,,,,948.0,17.0,37.1,2.0,0.0,0.03,0.0,24.0,1.0,0.0,18.0,0.06,-1.1,0.0,76.0,,25.0,25.0,2.0,0.08,,,,,,22.3,34.0,1.0,0.04,,MF,MF,MF,MF,MF,MF,,27.0,333.0,1.0,0.04,1.0,7.0,7.0,0.0,0.0,2.0,1.0,29.0,0.19,34.0,1.0,26.0,52.0,0.0,,,1571.0,1914.0,30.8,2.1,0.08,2.1,,0.12,56.7,0.51,,,34.0,914.0,0.0,0.0,0.0,,,,5.0,0.19,66.0,20.0,45.0,13.0,,89.0,47.0,,,32,,29,,172.0,,0.0,26.0,-1.1,25.7,,,25.7,25.7,25.7,25.7,25.7,,,,,25.0,,,25.0,25.0,25.0,25.0,25.0,,33.3,28.0,28.0,2315.0,,10.0,1.0,,4.0,26.0,,0.16,1.36,822.0,0.08,,,,65.0,30.0,,3627.0,,2.0,10.0,1571.0,,10.0,3.0,1.0,35.0,13.0,2.9,0.11,6.0,3.0,0.12,,23.0,23.0
Brenden Aaronson,128.0,,3.6,,0.0,,0.0,us USA,us USA,us USA,us USA,us USA,us USA,16.0,7.0,34.0,6.0,7.0,554.0,3.9,0.15,3.9,18.0,18.0,17.0,,,,767.0,34.0,22.0,7.0,0.0,0.02,0.0,40.0,1.0,1.0,8.0,0.09,-2.9,6.0,72.0,,43.0,43.0,3.0,0.11,,,,,,18.4,43.0,1.0,0.04,,"MF,FW","MF,FW","MF,FW","MF,FW","MF,FW","MF,FW",,16.0,116.0,1.0,0.04,1.0,2.0,2.0,0.0,0.0,8.0,1.0,55.0,0.31,57.0,3.0,72.0,95.0,0.0,,,1143.0,1532.0,32.6,3.9,0.15,3.9,,0.15,34.0,0.34,,,22.0,495.0,0.0,0.0,0.0,,,,8.1,0.31,45.0,15.0,31.0,39.0,,50.0,12.0,,,36,,28,,86.0,,0.0,71.0,-2.9,26.4,,,26.4,26.4,26.4,26.4,26.4,,,,,21.0,,,21.0,21.0,21.0,21.0,21.0,,48.0,151.0,151.0,2372.0,,17.0,1.0,,2.0,82.0,,0.27,1.56,686.0,0.11,,,,46.0,100.0,,3646.0,,1.0,48.0,1143.0,,3.0,5.0,1.0,41.0,9.0,4.2,0.16,13.0,4.0,0.15,,5.0,5.0
Pascal Struijk,139.0,,1.43,,0.0,,0.0,nl NED,nl NED,nl NED,nl NED,nl NED,nl NED,29.0,2.0,25.0,70.0,10.0,379.0,1.4,0.06,1.4,57.0,57.0,58.3,,,,803.0,9.0,43.8,0.0,0.0,0.13,0.0,20.0,1.0,0.0,60.0,0.09,0.6,0.0,21.0,,24.0,24.0,1.0,0.04,,,,,,13.4,32.0,2.0,0.08,,DF,DF,DF,DF,DF,DF,,43.0,538.0,2.0,0.08,2.0,5.0,5.0,0.0,0.0,0.0,0.0,12.0,0.15,25.0,0.0,31.0,35.0,2.0,,,1619.0,1465.0,65.3,1.4,0.06,1.4,,0.12,50.0,0.29,,,31.0,708.0,0.0,0.0,0.0,,,,3.7,0.15,84.0,49.0,26.0,43.0,,116.0,92.0,,,29,,26,,119.0,,0.0,25.0,0.6,24.4,,,24.4,24.4,24.4,24.4,24.4,,,,,22.0,,,22.0,22.0,22.0,22.0,22.0,,38.9,53.0,53.0,2200.0,,4.0,0.0,,0.0,12.0,,0.08,0.65,700.0,0.29,,,,75.0,18.0,,2806.0,,1.0,7.0,1619.0,,12.0,5.0,2.0,16.0,7.0,2.4,0.1,1.0,3.0,0.12,,32.0,32.0
Tyler Adams,199.0,,1.79,,0.0,,0.0,us USA,us USA,us USA,us USA,us USA,us USA,37.0,1.0,21.0,29.0,10.0,254.0,0.1,0.0,0.1,46.0,46.0,62.5,,,,919.0,7.0,0.0,0.0,0.0,0.0,0.0,40.0,0.0,0.0,25.0,0.03,-0.1,1.0,2.0,,19.0,19.0,0.0,0.0,,,,,,27.5,48.0,0.0,0.0,,MF,MF,MF,MF,MF,MF,,44.0,376.0,0.0,0.0,0.0,6.0,6.0,1.0,1.0,1.0,0.0,21.0,0.06,42.0,1.0,5.0,43.0,0.0,,,1628.0,1555.0,64.9,0.1,0.0,0.1,,0.0,31.8,0.0,,,35.0,1010.0,0.0,0.0,1.0,,,,1.5,0.06,89.0,50.0,27.0,15.0,,124.0,44.0,,,24,,24,,136.0,,0.0,28.0,-0.1,24.0,,,24.0,24.0,24.0,24.0,24.0,,,,,23.0,,,23.0,23.0,23.0,23.0,23.0,,54.5,20.0,20.0,2156.0,,0.0,0.0,,0.0,18.0,,0.04,0.17,818.0,,,,,77.0,22.0,,3342.0,,0.0,12.0,1628.0,,8.0,0.0,0.0,4.0,0.0,1.4,0.06,0.0,0.0,0.0,,35.0,35.0
Rodrigo,66.0,,2.09,,1.0,,1.0,es ESP,es ESP,es ESP,es ESP,es ESP,es ESP,29.0,4.0,17.0,21.0,7.0,341.0,7.3,0.34,7.3,10.0,10.0,34.0,,,,547.0,12.0,37.9,4.0,0.0,0.18,0.0,12.0,1.0,0.0,34.0,0.11,4.7,10.0,21.0,,40.0,40.0,1.0,0.05,,,,,,15.8,16.0,12.0,0.56,,"FW,MF","FW,MF","FW,MF","FW,MF","FW,MF","FW,MF",,2.0,94.0,13.0,0.6,13.0,6.0,6.0,0.0,0.0,2.0,0.0,11.0,0.46,30.0,2.0,110.0,45.0,0.0,,,804.0,825.0,42.1,8.1,0.38,8.1,,0.6,41.4,1.16,,,15.0,372.0,1.0,1.0,0.0,,,,9.1,0.42,24.0,8.0,11.0,66.0,,30.0,26.0,,,31,,23,,44.0,,0.0,57.0,4.9,21.5,,,21.5,21.5,21.5,21.5,21.5,,,,,31.0,,,31.0,31.0,31.0,31.0,31.0,,51.7,143.0,143.0,1935.0,,0.0,0.0,,2.0,24.0,,0.19,3.07,451.0,0.48,,,,19.0,29.0,,2217.0,,1.0,15.0,803.0,,4.0,8.0,2.0,66.0,25.0,1.8,0.08,24.0,14.0,0.65,,6.0,6.0
Luke Ayling,152.0,,1.75,,0.0,,0.0,eng ENG,eng ENG,eng ENG,eng ENG,eng ENG,eng ENG,15.0,1.0,20.0,52.0,9.0,390.0,3.2,0.14,3.2,37.0,37.0,45.2,,,,700.0,13.0,20.8,0.0,0.0,0.08,0.0,23.0,2.0,0.0,47.0,0.13,-1.2,1.0,62.0,,28.0,28.0,1.0,0.04,,,,,,15.1,34.0,2.0,0.09,,DF,DF,DF,DF,DF,DF,,42.0,466.0,2.0,0.09,2.0,3.0,3.0,0.0,0.0,2.0,0.0,35.0,0.23,33.0,1.0,56.0,40.0,1.0,,,1413.0,1480.0,49.4,3.2,0.14,3.2,,0.13,39.4,0.22,,,15.0,578.0,0.0,0.0,0.0,,,,5.2,0.23,66.0,42.0,43.0,57.0,,92.0,79.0,,,29,,22,,77.0,,0.0,23.0,-1.2,22.8,,,22.8,22.8,22.8,22.8,22.8,,,,,30.0,,,30.0,30.0,30.0,30.0,30.0,,51.5,100.0,100.0,2054.0,,0.0,0.0,,0.0,12.0,,0.04,1.05,648.0,0.4,,,,85.0,33.0,,2963.0,,2.0,17.0,1413.0,,11.0,3.0,0.0,24.0,5.0,2.0,0.09,4.0,3.0,0.13,,26.0,26.0
Rasmus Nissen,119.0,,1.61,,0.0,,0.0,dk DEN,dk DEN,dk DEN,dk DEN,dk DEN,dk DEN,19.0,3.0,10.0,61.0,6.0,282.0,0.8,0.04,0.8,35.0,35.0,55.7,,,,633.0,7.0,38.5,2.0,1.0,0.23,0.0,18.0,1.0,0.0,34.0,0.06,2.2,1.0,35.0,,15.0,15.0,1.0,0.05,,,,,,15.2,32.0,3.0,0.14,,DF,DF,DF,DF,DF,DF,,35.0,470.0,3.0,0.14,3.0,4.0,4.0,0.0,0.0,0.0,0.0,6.0,0.09,30.0,2.0,23.0,35.0,0.0,,,1276.0,833.0,55.3,0.8,0.04,0.8,,0.18,46.7,0.23,,,21.0,529.0,0.0,0.0,0.0,,,,1.9,0.09,62.0,42.0,34.0,27.0,,97.0,90.0,,,26,,21,,89.0,,0.0,6.0,2.2,21.8,,,21.8,21.8,21.8,21.8,21.8,,,,,25.0,,,25.0,25.0,25.0,25.0,25.0,,46.7,70.0,70.0,1960.0,,1.0,0.0,,0.0,5.0,,0.14,0.6,548.0,0.6,,,,76.0,15.0,,1725.0,,0.0,7.0,1276.0,,14.0,1.0,0.0,13.0,5.0,1.0,0.05,4.0,4.0,0.18,,35.0,35.0
Patrick Bamford,50.0,,1.6,,2.0,,2.0,eng ENG,eng ENG,eng ENG,eng ENG,eng ENG,eng ENG,25.0,6.0,17.0,13.0,3.0,266.0,7.0,0.42,7.0,6.0,6.0,46.2,,,,386.0,11.0,33.3,1.0,1.0,0.08,0.0,7.0,1.0,0.0,36.0,0.15,-3.0,18.0,5.0,,17.0,17.0,2.0,0.12,,,,,,14.7,12.0,4.0,0.24,,FW,FW,FW,FW,FW,FW,,0.0,34.0,4.0,0.24,4.0,3.0,3.0,0.0,0.0,3.0,0.0,27.0,0.57,17.0,4.0,83.0,27.0,0.0,,,550.0,447.0,20.0,8.6,0.51,8.6,,0.36,32.4,0.95,,,6.0,257.0,0.0,0.0,0.0,,,,8.0,0.47,9.0,4.0,16.0,42.0,,14.0,19.0,,,28,,18,,23.0,,0.0,56.0,-4.6,16.8,,,16.8,16.8,16.8,16.8,16.8,,,,,28.0,,,28.0,28.0,28.0,28.0,28.0,,55.9,96.0,96.0,1515.0,,0.0,0.0,,1.0,21.0,,0.36,2.85,290.0,0.25,,,,20.0,34.0,,1186.0,,0.0,19.0,548.0,,5.0,5.0,1.0,48.0,16.0,1.0,0.06,13.0,6.0,0.36,,5.0,5.0
Weston McKennie,95.0,,1.82,,0.0,,0.0,us USA,us USA,us USA,us USA,us USA,us USA,21.0,3.0,16.0,26.0,7.0,228.0,0.8,0.05,0.8,13.0,13.0,52.1,,,,445.0,11.0,15.4,0.0,0.0,0.0,0.0,19.0,0.0,0.0,25.0,0.06,-0.8,1.0,9.0,,14.0,14.0,1.0,0.06,,,,,,15.9,22.0,0.0,0.0,,MF,MF,MF,MF,MF,MF,,5.0,188.0,0.0,0.0,0.0,7.0,7.0,0.0,0.0,0.0,0.0,5.0,0.09,25.0,2.0,17.0,29.0,0.0,,,807.0,791.0,34.5,0.8,0.05,0.8,,0.06,68.8,0.13,,,18.0,401.0,0.0,0.0,0.0,,,,1.4,0.09,30.0,10.0,19.0,23.0,,52.0,41.0,,,19,,16,,82.0,,0.0,28.0,-0.8,16.0,,,16.0,16.0,16.0,16.0,16.0,,,,,23.0,,,23.0,23.0,23.0,23.0,23.0,,25.0,33.0,33.0,1437.0,,3.0,1.0,,0.0,25.0,,0.19,0.81,400.0,0.0,,,,29.0,16.0,,1738.0,,0.0,4.0,807.0,,3.0,1.0,0.0,13.0,2.0,0.7,0.04,0.0,1.0,0.06,,22.0,22.0
Liam Cooper,107.0,,1.01,,0.0,,0.0,sct SCO,sct SCO,sct SCO,sct SCO,sct SCO,sct SCO,12.0,3.0,3.0,57.0,2.0,37.0,1.0,0.06,1.0,23.0,23.0,63.6,,,,501.0,1.0,20.0,0.0,0.0,0.1,0.0,8.0,0.0,0.0,56.0,0.11,0.0,0.0,1.0,,3.0,3.0,0.0,0.0,,,,,,9.5,16.0,1.0,0.06,,DF,DF,DF,DF,DF,DF,,27.0,499.0,1.0,0.06,1.0,5.0,5.0,0.0,0.0,0.0,0.0,10.0,0.11,13.0,3.0,21.0,16.0,0.0,,,970.0,913.0,63.9,1.0,0.06,1.0,,0.06,25.0,0.13,,,9.0,440.0,0.0,0.0,0.0,,,,1.7,0.11,38.0,23.0,13.0,32.0,,72.0,103.0,,,18,,16,,47.0,,0.0,9.0,0.0,15.8,,,15.8,15.8,15.8,15.8,15.8,,,,,30.0,,,30.0,30.0,30.0,30.0,30.0,,25.0,2.0,2.0,1426.0,,1.0,0.0,,0.0,1.0,,0.19,0.63,477.0,0.5,,,,36.0,4.0,,2172.0,,3.0,1.0,970.0,,8.0,2.0,0.0,10.0,2.0,0.7,0.05,1.0,1.0,0.06,,34.0,34.0
Junior Firpo,87.0,,1.38,,0.0,,0.0,es ESP,es ESP,es ESP,es ESP,es ESP,es ESP,24.0,2.0,16.0,40.0,5.0,146.0,0.1,0.01,0.1,25.0,25.0,51.5,,,,367.0,6.0,50.0,0.0,0.0,0.5,1.0,16.0,1.0,0.0,17.0,0.06,0.9,0.0,12.0,,20.0,20.0,1.0,0.07,,,,,,12.2,23.0,1.0,0.07,,DF,DF,DF,DF,DF,DF,,27.0,286.0,1.0,0.07,1.0,6.0,6.0,1.0,1.0,3.0,0.0,8.0,0.06,15.0,2.0,13.0,21.0,1.0,,,792.0,785.0,52.2,0.1,0.01,0.1,,0.13,40.0,0.07,,,15.0,368.0,0.0,0.0,0.0,,,,0.9,0.06,47.0,24.0,22.0,16.0,,71.0,48.0,,,19,,14,,54.0,,0.0,9.0,0.9,15.2,,,15.2,15.2,15.2,15.2,15.2,,,,,25.0,,,25.0,25.0,25.0,25.0,25.0,,60.0,34.0,34.0,1368.0,,2.0,0.0,,0.0,9.0,,0.13,0.13,352.0,1.0,,,,46.0,15.0,,1465.0,,0.0,9.0,792.0,,7.0,0.0,0.0,2.0,1.0,0.8,0.05,1.0,2.0,0.13,,24.0,24.0
Degnand Gnonto,82.0,,3.32,,0.0,,0.0,it ITA,it ITA,it ITA,it ITA,it ITA,it ITA,28.0,7.0,37.0,7.0,5.0,393.0,1.8,0.12,1.8,17.0,17.0,30.8,,,,508.0,21.0,36.4,4.0,0.0,0.09,0.0,23.0,1.0,0.0,8.0,0.08,0.2,3.0,42.0,,66.0,66.0,4.0,0.27,,,,,,17.4,24.0,2.0,0.13,,"FW,MF","FW,MF","FW,MF","FW,MF","FW,MF","FW,MF",,7.0,95.0,2.0,0.13,2.0,7.0,7.0,0.0,0.0,8.0,0.0,39.0,0.27,30.0,6.0,43.0,50.0,0.0,,,719.0,1715.0,33.3,1.8,0.12,1.8,,0.4,27.3,0.53,,,15.0,248.0,0.0,0.0,0.0,,,,4.0,0.27,27.0,10.0,20.0,18.0,,32.0,12.0,,,24,,14,,35.0,,0.0,30.0,0.2,15.0,,,15.0,15.0,15.0,15.0,15.0,,,,,18.0,,,18.0,18.0,18.0,18.0,18.0,,55.8,136.0,136.0,1354.0,,3.0,1.0,,0.0,19.0,,0.47,1.46,484.0,0.25,,,,30.0,77.0,,3356.0,,0.0,43.0,719.0,,1.0,4.0,0.0,22.0,8.0,2.2,0.15,17.0,6.0,0.4,,5.0,5.0
Maximilian WÃ¶ber,75.0,,0.85,,0.0,,0.0,at AUT,at AUT,at AUT,at AUT,at AUT,at AUT,15.0,1.0,9.0,67.0,1.0,81.0,0.7,0.05,0.7,18.0,18.0,56.3,,,,438.0,0.0,22.2,0.0,0.0,0.0,0.0,18.0,0.0,0.0,27.0,0.08,-0.7,1.0,7.0,,15.0,15.0,0.0,0.0,,,,,,13.3,32.0,0.0,0.0,,DF,DF,DF,DF,DF,DF,,9.0,381.0,0.0,0.0,0.0,3.0,3.0,0.0,0.0,0.0,0.0,1.0,0.1,8.0,1.0,17.0,12.0,1.0,,,858.0,1311.0,66.7,0.7,0.05,0.7,,0.0,0.0,0.14,,,15.0,400.0,0.0,0.0,0.0,,,,1.4,0.1,25.0,16.0,8.0,21.0,,52.0,110.0,,,16,,14,,54.0,,0.0,6.0,-0.7,14.1,,,14.1,14.1,14.1,14.1,14.1,,,,,24.0,,,24.0,24.0,24.0,24.0,24.0,,100.0,15.0,15.0,1266.0,,2.0,0.0,,1.0,2.0,,0.07,0.64,426.0,0.0,,,,24.0,1.0,,2264.0,,1.0,1.0,858.0,,14.0,2.0,0.0,9.0,2.0,0.6,0.05,0.0,0.0,0.0,,27.0,27.0
Luis Sinisterra,65.0,,3.43,,0.0,,0.0,co COL,co COL,co COL,co COL,co COL,co COL,14.0,2.0,17.0,2.0,4.0,215.0,3.7,0.39,3.7,14.0,14.0,50.0,,,,341.0,19.0,39.3,2.0,1.0,0.18,0.0,10.0,1.0,1.0,18.0,0.13,1.3,5.0,7.0,,30.0,30.0,0.0,0.0,,,,,,16.2,11.0,5.0,0.52,,FW,FW,FW,FW,FW,FW,,8.0,50.0,5.0,0.52,5.0,3.0,3.0,1.0,1.0,2.0,0.0,12.0,0.43,26.0,0.0,32.0,33.0,1.0,,,469.0,931.0,61.1,3.7,0.39,3.7,,0.52,45.2,1.14,,,9.0,212.0,0.0,0.0,1.0,,,,4.2,0.43,21.0,11.0,7.0,18.0,,29.0,7.0,,,19,,13,,39.0,,0.0,16.0,1.3,9.6,,,9.6,9.6,9.6,9.6,9.6,,,,,23.0,,,23.0,23.0,23.0,23.0,23.0,,40.5,84.0,84.0,867.0,,0.0,0.0,,0.0,23.0,,0.21,2.91,281.0,0.45,,,,18.0,42.0,,1740.0,,0.0,17.0,469.0,,1.0,2.0,0.0,28.0,11.0,0.4,0.04,8.0,5.0,0.52,,8.0,8.0
Crysencio Summerville,90.0,,3.09,,0.0,,0.0,nl NED,nl NED,nl NED,nl NED,nl NED,nl NED,22.0,5.0,27.0,11.0,2.0,311.0,2.9,0.18,2.9,20.0,20.0,22.7,,,,438.0,24.0,31.0,3.0,0.0,0.14,1.0,18.0,2.0,1.0,5.0,0.1,1.1,8.0,14.0,,51.0,51.0,2.0,0.13,,,,,,15.3,20.0,4.0,0.25,,FW,FW,FW,FW,FW,FW,,14.0,99.0,4.0,0.25,4.0,4.0,4.0,0.0,0.0,10.0,1.0,41.0,0.28,29.0,3.0,70.0,49.0,0.0,,,637.0,1326.0,47.8,2.9,0.18,2.9,,0.38,40.0,0.57,,,14.0,241.0,0.0,0.0,0.0,,,,4.5,0.28,30.0,11.0,12.0,17.0,,43.0,10.0,,,28,,12,,45.0,,0.0,45.0,1.1,15.8,,,15.8,15.8,15.8,15.8,15.8,,,,,20.0,,,20.0,20.0,20.0,20.0,20.0,,36.7,92.0,92.0,1426.0,,1.0,0.0,,0.0,36.0,,0.32,1.83,420.0,0.44,,,,23.0,60.0,,2617.0,,0.0,22.0,637.0,,2.0,4.0,0.0,29.0,9.0,1.6,0.1,19.0,6.0,0.38,,13.0,13.0
Diego Llorente,57.0,,0.83,,0.0,,0.0,es ESP,es ESP,es ESP,es ESP,es ESP,es ESP,6.0,1.0,1.0,24.0,0.0,15.0,0.7,0.1,0.7,10.0,10.0,72.0,,,,312.0,2.0,0.0,0.0,0.0,0.0,0.0,4.0,0.0,0.0,18.0,0.12,-0.7,0.0,1.0,,2.0,2.0,0.0,0.0,,,,,,12.5,6.0,0.0,0.0,,DF,DF,DF,DF,DF,DF,,8.0,283.0,0.0,0.0,0.0,1.0,1.0,0.0,0.0,0.0,0.0,2.0,0.1,5.0,1.0,6.0,6.0,0.0,,,506.0,721.0,50.0,0.7,0.1,0.7,,0.0,66.7,0.0,,,5.0,210.0,0.0,0.0,0.0,,,,0.7,0.1,13.0,4.0,4.0,7.0,,28.0,59.0,,,8,,7,,27.0,,0.0,6.0,-0.7,7.2,,,7.2,7.2,7.2,7.2,7.2,,,,,28.0,,,28.0,28.0,28.0,28.0,28.0,,33.3,1.0,1.0,649.0,,0.0,0.0,,0.0,1.0,,0.14,0.83,303.0,,,,,8.0,3.0,,1566.0,,2.0,1.0,506.0,,2.0,1.0,0.0,6.0,0.0,0.0,0.0,0.0,0.0,0.0,,15.0,15.0
Adam Forshaw,37.0,,3.0,,0.0,,0.0,eng ENG,eng ENG,eng ENG,eng ENG,eng ENG,eng ENG,6.0,0.0,8.0,2.0,0.0,62.0,0.0,0.01,0.0,9.0,9.0,25.0,,,,186.0,8.0,0.0,0.0,0.0,0.0,0.0,8.0,0.0,0.0,2.0,0.03,0.0,0.0,20.0,,4.0,4.0,0.0,0.0,,,,,,26.4,9.0,0.0,0.0,,MF,MF,MF,MF,MF,MF,,5.0,64.0,0.0,0.0,0.0,0.0,0.0,0.0,0.0,0.0,0.0,5.0,0.18,10.0,0.0,1.0,16.0,0.0,,,293.0,360.0,41.2,0.0,0.01,0.0,,0.0,72.7,0.0,,,7.0,171.0,0.0,0.0,0.0,,,,0.9,0.18,12.0,7.0,10.0,6.0,,16.0,7.0,,,12,,5,,33.0,,0.0,6.0,0.0,5.3,,,5.3,5.3,5.3,5.3,5.3,,,,,30.0,,,30.0,30.0,30.0,30.0,30.0,,27.3,7.0,7.0,479.0,,6.0,0.0,,0.0,8.0,,0.0,0.19,179.0,,,,,17.0,11.0,,1085.0,,0.0,3.0,293.0,,1.0,0.0,0.0,1.0,0.0,0.9,0.17,0.0,0.0,0.0,,4.0,4.0
Joel Robles,2.0,0.0,0.0,90.0,0.0,3.0,0.0,es ESP,es ESP,es ESP,es ESP,es ESP,es ESP,0.0,0.0,0.0,2.0,0.0,0.0,0.0,0.0,0.0,0.0,0.0,100.0,11.0,11.0,3.0,44.0,0.0,,0.0,0.0,,0.0,0.0,0.0,0.0,3.0,,0.0,0.0,0.0,1.0,0.0,0.0,0.0,0.0,52.2,75.0,0.0,0.0,0.75,,0.0,0.0,0.0,0.32,GK,GK,GK,GK,GK,GK,-0.12,0.0,129.0,0.0,0.0,0.0,1.0,1.0,0.0,0.0,0.0,0.0,0.0,0.0,0.0,0.0,0.0,0.0,0.0,41.1,49.4,136.0,251.0,0.0,0.0,0.0,0.0,16.0,0.0,,0.0,66.7,0.0,0.0,8.0,0.0,0.0,0.0,25.4,11.6,1.0,0.0,0.0,0.0,0.0,1.0,0.0,18.0,0.0,101.0,0.0,20.0,4,4.0,4,4.0,0.0,0.0,0.0,0.0,0.0,4.0,4.0,4.0,4.0,4.0,4.0,4.0,4.0,27.0,2.0,2.0,43.0,32.0,32.0,32.0,32.0,32.0,32.0,32.0,32.0,0.0,,0.0,0.0,360.0,360.0,0.0,0.0,0.0,0.0,0.0,2.75,0.0,0.0,57.0,,4.7,71.0,32.0,1.0,0.0,3.0,337.0,10.5,1.0,0.0,136.0,-0.5,0.0,0.0,0.0,0.0,0.0,0.0,0.0,0.0,0.0,0.0,2.0,0.0,0.0
Sam Greenwood,31.0,,5.11,,0.0,,0.0,eng ENG,eng ENG,eng ENG,eng ENG,eng ENG,eng ENG,11.0,3.0,8.0,1.0,0.0,103.0,0.7,0.15,0.7,7.0,7.0,12.5,,,,119.0,3.0,16.7,0.0,0.0,0.08,0.0,8.0,0.0,0.0,1.0,0.06,0.3,0.0,43.0,,7.0,7.0,2.0,0.42,,,,,,24.2,10.0,1.0,0.21,,"MF,FW","MF,FW","MF,FW","MF,FW","MF,FW","MF,FW",,7.0,45.0,1.0,0.21,1.0,1.0,1.0,0.0,0.0,0.0,0.0,3.0,0.39,5.0,0.0,5.0,24.0,0.0,,,255.0,305.0,38.1,0.7,0.15,0.7,,0.64,37.5,0.42,,,8.0,112.0,0.0,0.0,0.0,,,,1.8,0.39,15.0,8.0,13.0,7.0,,16.0,7.0,,,18,,3,,15.0,,0.0,6.0,0.3,4.7,,,4.7,4.7,4.7,4.7,4.7,,,,,20.0,,,20.0,20.0,20.0,20.0,20.0,,50.0,10.0,10.0,424.0,,18.0,2.0,,5.0,7.0,,0.64,2.55,117.0,0.5,,,,21.0,8.0,,578.0,,0.0,4.0,255.0,,2.0,1.0,1.0,12.0,2.0,1.1,0.24,1.0,3.0,0.64,,1.0,1.0
Daniel James,7.0,,1.82,,0.0,,0.0,wls WAL,wls WAL,wls WAL,wls WAL,wls WAL,wls WAL,2.0,0.0,2.0,2.0,2.0,32.0,0.3,0.12,0.3,2.0,2.0,0.0,,,,39.0,1.0,33.3,0.0,0.0,0.0,0.0,4.0,0.0,0.0,0.0,0.09,-0.3,0.0,6.0,,6.0,6.0,0.0,0.0,,,,,,17.6,4.0,0.0,0.0,,FW,FW,FW,FW,FW,FW,,1.0,9.0,0.0,0.0,0.0,0.0,0.0,0.0,0.0,1.0,0.0,6.0,0.27,3.0,0.0,6.0,4.0,0.0,,,66.0,112.0,50.0,0.3,0.12,0.3,,0.0,16.7,0.45,,,3.0,26.0,0.0,0.0,0.0,,,,0.6,0.27,6.0,3.0,3.0,4.0,,8.0,1.0,,,4,,2,,3.0,,0.0,3.0,-0.3,2.2,,,2.2,2.2,2.2,2.2,2.2,,,,,24.0,,,24.0,24.0,24.0,24.0,24.0,,33.3,9.0,9.0,198.0,,0.0,0.0,,0.0,1.0,,0.0,1.36,35.0,0.0,,,,6.0,6.0,,233.0,,0.0,2.0,66.0,,0.0,0.0,0.0,3.0,1.0,0.3,0.15,3.0,0.0,0.0,,2.0,2.0
Georginio Rutter,7.0,,1.99,,0.0,,0.0,fr FRA,fr FRA,fr FRA,fr FRA,fr FRA,fr FRA,5.0,1.0,1.0,3.0,2.0,65.0,0.4,0.13,0.4,9.0,9.0,55.0,,,,86.0,9.0,0.0,0.0,0.0,0.0,0.0,5.0,0.0,0.0,11.0,0.1,-0.4,1.0,0.0,,5.0,5.0,1.0,0.33,,,,,,14.0,5.0,0.0,0.0,,"FW,MF","FW,MF","FW,MF","FW,MF","FW,MF","FW,MF",,5.0,13.0,0.0,0.0,0.0,0.0,0.0,0.0,0.0,1.0,0.0,6.0,0.22,5.0,1.0,20.0,6.0,0.0,,,124.0,126.0,62.5,0.4,0.13,0.4,,0.33,36.0,0.0,,,3.0,47.0,0.0,0.0,0.0,,,,0.7,0.22,10.0,5.0,3.0,9.0,,13.0,4.0,,,11,,1,,6.0,,0.0,15.0,-0.4,3.0,,,3.0,3.0,3.0,3.0,3.0,,,,,20.0,,,20.0,20.0,20.0,20.0,20.0,,52.0,21.0,21.0,273.0,,0.0,0.0,,0.0,14.0,,0.33,1.32,76.0,,,,,8.0,25.0,,351.0,,0.0,13.0,124.0,,0.0,0.0,0.0,4.0,0.0,0.3,0.1,3.0,1.0,0.33,,3.0,3.0
Joe Gelhardt,9.0,,1.7,,0.0,,0.0,eng ENG,eng ENG,eng ENG,eng ENG,eng ENG,eng ENG,6.0,2.0,2.0,4.0,2.0,54.0,0.8,0.36,0.8,2.0,2.0,31.3,,,,84.0,1.0,20.0,0.0,0.0,0.0,0.0,5.0,0.0,0.0,5.0,0.08,-0.8,0.0,1.0,,2.0,2.0,2.0,0.85,,,,,,23.5,5.0,0.0,0.0,,FW,FW,FW,FW,FW,FW,,1.0,10.0,0.0,0.0,0.0,1.0,1.0,0.0,0.0,0.0,0.0,8.0,0.55,4.0,2.0,14.0,4.0,0.0,,,115.0,66.0,60.0,0.8,0.36,0.8,,0.85,11.1,0.85,,,3.0,52.0,0.0,0.0,0.0,,,,1.3,0.55,6.0,3.0,2.0,11.0,,6.0,4.0,,,15,,1,,6.0,,0.0,9.0,-0.8,2.4,,,2.4,2.4,2.4,2.4,2.4,,,,,20.0,,,20.0,20.0,20.0,20.0,20.0,,77.8,21.0,21.0,212.0,,0.0,0.0,,1.0,7.0,,0.85,4.25,68.0,0.0,,,,5.0,9.0,,189.0,,0.0,7.0,115.0,,0.0,0.0,0.0,10.0,2.0,0.5,0.2,2.0,2.0,0.85,,0.0,0.0
Cody Drameh,5.0,,1.3,,0.0,,0.0,eng ENG,eng ENG,eng ENG,eng ENG,eng ENG,eng ENG,1.0,0.0,1.0,1.0,1.0,11.0,0.0,0.0,0.0,4.0,4.0,100.0,,,,23.0,1.0,,0.0,0.0,,0.0,0.0,0.0,0.0,1.0,,0.0,0.0,1.0,,0.0,0.0,0.0,0.0,,,,,,,0.0,0.0,0.0,,DF,DF,DF,DF,DF,DF,,0.0,7.0,0.0,0.0,0.0,0.0,0.0,0.0,0.0,0.0,0.0,0.0,0.0,1.0,0.0,0.0,1.0,0.0,,,44.0,10.0,66.7,0.0,0.0,0.0,,0.0,100.0,0.0,,,4.0,26.0,0.0,0.0,0.0,,,,0.0,0.0,5.0,2.0,1.0,0.0,,6.0,1.0,,,1,,1,,2.0,,0.0,1.0,0.0,0.8,,,0.8,0.8,0.8,0.8,0.8,,,,,20.0,,,20.0,20.0,20.0,20.0,20.0,,0.0,3.0,3.0,69.0,,0.0,0.0,,0.0,1.0,,0.0,0.0,17.0,,,,,3.0,1.0,,48.0,,0.0,0.0,44.0,,0.0,0.0,0.0,0.0,0.0,0.0,0.0,0.0,0.0,0.0,,1.0,1.0
Mateusz Klich,24.0,,2.26,,0.0,,0.0,pl POL,pl POL,pl POL,pl POL,pl POL,pl POL,10.0,0.0,5.0,1.0,5.0,85.0,0.2,0.05,0.2,8.0,8.0,33.3,,,,124.0,2.0,25.0,0.0,0.0,0.0,0.0,4.0,0.0,0.0,1.0,0.04,-0.2,0.0,8.0,,5.0,5.0,0.0,0.0,,,,,,21.7,4.0,0.0,0.0,,"MF,FW","MF,FW","MF,FW","MF,FW","MF,FW","MF,FW",,3.0,25.0,0.0,0.0,0.0,2.0,2.0,0.0,0.0,0.0,0.0,3.0,0.12,7.0,0.0,9.0,7.0,0.0,,,189.0,149.0,53.8,0.2,0.05,0.2,,0.0,33.3,0.32,,,4.0,82.0,0.0,0.0,0.0,,,,0.4,0.12,12.0,7.0,6.0,2.0,,12.0,3.0,,,14,,0,,16.0,,0.0,11.0,-0.2,3.1,,,3.1,3.1,3.1,3.1,3.1,,,,,32.0,,,32.0,32.0,32.0,32.0,32.0,,66.7,21.0,21.0,280.0,,0.0,0.0,,0.0,1.0,,0.0,1.29,110.0,0.0,,,,13.0,6.0,,385.0,,0.0,4.0,189.0,,0.0,0.0,0.0,4.0,1.0,0.2,0.06,2.0,0.0,0.0,,0.0,0.0
Mateo Joseph,0.0,,0.0,,0.0,,0.0,eng ENG,eng ENG,eng ENG,eng ENG,eng ENG,eng ENG,0.0,0.0,0.0,1.0,0.0,3.0,0.1,0.4,0.1,0.0,0.0,,,,,6.0,0.0,100.0,0.0,0.0,0.0,0.0,1.0,0.0,0.0,0.0,0.12,-0.1,0.0,0.0,,0.0,0.0,0.0,0.0,,,,,,15.4,1.0,0.0,0.0,,"FW,MF","FW,MF","FW,MF","FW,MF","FW,MF","FW,MF",,0.0,1.0,0.0,0.0,0.0,0.0,0.0,0.0,0.0,0.0,0.0,0.0,0.4,0.0,0.0,1.0,0.0,0.0,,,9.0,0.0,,0.1,0.4,0.1,,0.0,0.0,3.46,,,0.0,5.0,0.0,0.0,0.0,,,,0.1,0.4,0.0,0.0,0.0,0.0,,0.0,1.0,,,3,,0,,0.0,,0.0,1.0,-0.1,0.3,,,0.3,0.3,0.3,0.3,0.3,,,,,18.0,,,18.0,18.0,18.0,18.0,18.0,,100.0,2.0,2.0,26.0,,0.0,0.0,,0.0,3.0,,0.0,3.46,5.0,0.0,,,,0.0,1.0,,13.0,,0.0,1.0,9.0,,0.0,0.0,0.0,1.0,1.0,0.0,0.0,0.0,0.0,0.0,,0.0,0.0
Darko Gyabi,3.0,,0.0,,0.0,,0.0,eng ENG,eng ENG,eng ENG,eng ENG,eng ENG,eng ENG,0.0,0.0,0.0,0.0,0.0,3.0,0.1,0.72,0.1,2.0,2.0,,,,,2.0,0.0,0.0,0.0,0.0,0.0,0.0,2.0,0.0,0.0,0.0,0.06,-0.1,0.0,0.0,,0.0,0.0,0.0,0.0,,,,,,17.8,2.0,0.0,0.0,,FW,FW,FW,FW,FW,FW,,1.0,1.0,0.0,0.0,0.0,0.0,0.0,0.0,0.0,0.0,0.0,1.0,0.72,0.0,0.0,1.0,0.0,0.0,,,8.0,3.0,,0.1,0.72,0.1,,0.0,0.0,0.0,,,1.0,4.0,0.0,0.0,0.0,,,,0.1,0.72,2.0,0.0,0.0,0.0,,2.0,0.0,,,1,,0,,2.0,,0.0,1.0,-0.1,0.1,,,0.1,0.1,0.1,0.1,0.1,,,,,18.0,,,18.0,18.0,18.0,18.0,18.0,,0.0,0.0,0.0,8.0,,0.0,0.0,,0.0,0.0,,0.0,11.25,4.0,,,,,0.0,1.0,,5.0,,0.0,0.0,8.0,,0.0,0.0,0.0,1.0,0.0,0.0,0.0,0.0,0.0,0.0,,0.0,0.0
Jeremiah Chilokoa-Mullen,,,,,,,,sct SCO,,,,,,,,,,,,,,,,,,,,,,,,,,,,,,,,,,,,,,,,,,,,,,,,,,,DF,,,,,,,,,,,,,,,,,,,,,,,,,,,,,,,,,,,,,,,,,,,,,,,,,,,,,,,,,,0,,0,,,,,,,,,,,,,,,,,,,18.0,,,,,,,,,,,,,,,,,,,,,,,,,,,,,,,,,,,,,,,,,,,,,,,,
Leo Fuhr Hjelde,,,,,,,,no NOR,,,,,,,,,,,,,,,,,,,,,,,,,,,,,,,,,,,,,,,,,,,,,,,,,,,DF,,,,,,,,,,,,,,,,,,,,,,,,,,,,,,,,,,,,,,,,,,,,,,,,,,,,,,,,,,0,,0,,,,,,,,,,,,,,,,,,,18.0,,,,,,,,,,,,,,,,,,,,,,,,,,,,,,,,,,,,,,,,,,,,,,,,
Archie Gray,,,,,,,,eng ENG,,,,,,,,,,,,,,,,,,,,,,,,,,,,,,,,,,,,,,,,,,,,,,,,,,,"DF,MF",,,,,,,,,,,,,,,,,,,,,,,,,,,,,,,,,,,,,,,,,,,,,,,,,,,,,,,,,,0,,0,,,,,,,,,,,,,,,,,,,16.0,,,,,,,,,,,,,,,,,,,,,,,,,,,,,,,,,,,,,,,,,,,,,,,,
Kristoffer Klaesson,,,,,,,,no NOR,,,,,,,,,,,,,,,,,,,,,,,,,,,,,,,,,,,,,,,,,,,,,,,,,,,GK,,,,,,,,,,,,,,,,,,,,,,,,,,,,,,,,,,,,,,,,,,,,,,,,,,,,,,,,,,0,,0,,,,,,,,,,,,,,,,,,,21.0,,,,,,,,,,,,,,,,,,,,,,,,,,,,,,,,,,,,,,,,,,,,,,,,
Diogo Monteiro,,,,,,,,pt POR,,,,,,,,,,,,,,,,,,,,,,,,,,,,,,,,,,,,,,,,,,,,,,,,,,,DF,,,,,,,,,,,,,,,,,,,,,,,,,,,,,,,,,,,,,,,,,,,,,,,,,,,,,,,,,,0,,0,,,,,,,,,,,,,,,,,,,17.0,,,,,,,,,,,,,,,,,,,,,,,,,,,,,,,,,,,,,,,,,,,,,,,,
Sonny Perkins,,,,,,,,eng ENG,,,,,,,,,,,,,,,,,,,,,,,,,,,,,,,,,,,,,,,,,,,,,,,,,,,FW,,,,,,,,,,,,,,,,,,,,,,,,,,,,,,,,,,,,,,,,,,,,,,,,,,,,,,,,,,0,,0,,,,,,,,,,,,,,,,,,,18.0,,,,,,,,,,,,,,,,,,,,,,,,,,,,,,,,,,,,,,,,,,,,,,,,
Squad Total,2206.0,7.0,20.61,883.0,3.0,6.0,3.0,,,,,,,467.0,69.0,379.0,734.0,121.0,5587.0,45.0,1.18,45.0,480.0,480.0,49.1,78.0,78.0,21.0,12329.0,268.0,30.7,32.0,4.0,0.1,2.0,405.0,15.0,3.0,586.0,0.1,-1.0,60.0,653.0,1.0,555.0,555.0,31.0,0.82,40.8,58.2,7.0,13.2,1.82,16.6,536.0,44.0,1.16,0.32,,,,,,,-0.34,376.0,6971.0,45.0,1.18,45.0,89.0,89.0,3.0,3.0,48.0,3.0,405.0,2.09,535.0,43.0,796.0,783.0,6.0,41.1,44.1,21642.0,27062.0,47.7,47.4,1.25,47.4,108.0,1.97,39.0,3.71,60.5,0.0,343.0,9290.0,1.0,1.0,2.0,23.8,11.6,10.0,76.9,2.02,840.0,412.0,451.0,607.0,124.0,1232.0,2125.0,5.0,214.0,38,38.0,418,38.0,1429.0,1.0,1.0,602.0,-2.4,38.0,38.0,38.0,38.0,38.0,38.0,38.0,38.0,185.0,5.0,5.0,475.0,25.3,25.3,25.3,25.3,25.3,25.3,25.3,25.3,0.0,47.7,1418.0,1418.0,3420.0,3420.0,99.0,7.0,1.0,19.0,421.0,2.05,1.82,12.08,11342.0,0.31,7.6,520.0,275.0,863.0,688.0,69.0,55021.0,64.1,18.0,328.0,21639.0,-12.9,131.0,54.0,9.0,459.0,141.0,31.9,0.84,146.0,76.0,2.0,36.0,392.0,392.0
Opponent Total,2255.0,9.0,24.24,987.0,6.0,3.0,6.0,,,,,,,422.0,140.0,423.0,740.0,78.0,5573.0,62.5,1.65,62.5,427.0,427.0,50.9,48.0,48.0,7.0,14978.0,451.0,34.5,72.0,21.0,0.14,5.0,369.0,12.0,2.0,607.0,0.12,9.5,86.0,612.0,1.0,596.0,596.0,50.0,1.32,36.8,45.3,21.0,26.3,1.13,16.5,509.0,72.0,1.89,0.28,,,,,,,-0.1,379.0,8102.0,77.0,2.03,77.0,66.0,66.0,3.0,3.0,49.0,7.0,453.0,3.08,640.0,98.0,872.0,921.0,3.0,33.9,37.8,24304.0,33950.0,55.0,67.2,1.77,67.2,97.0,3.21,46.4,4.74,67.1,50.0,292.0,10849.0,5.0,5.0,1.0,31.1,14.1,10.0,112.5,2.96,749.0,328.0,268.0,586.0,153.0,1140.0,2447.0,10.0,204.0,38,38.0,418,38.0,1469.0,3.0,3.0,630.0,9.8,38.0,38.0,38.0,38.0,38.0,38.0,38.0,38.0,143.0,1.0,1.0,520.0,26.7,26.7,26.7,26.7,26.7,26.7,26.7,26.7,1.0,42.3,1455.0,1455.0,3420.0,3420.0,88.0,4.0,0.0,19.0,428.0,1.26,3.68,13.74,13328.0,0.4,6.7,492.0,285.0,596.0,973.0,43.0,67350.0,41.1,13.0,412.0,24298.0,-3.9,140.0,60.0,8.0,522.0,180.0,49.9,1.31,189.0,127.0,3.34,35.0,391.0,391.0
